precision,recall,f1
0.8735849056603774,0.6614285714285715,0.7528455284552845
