model_type,precision,recall,f1
Centralized Baseline,0.8733766233766234,0.8539682539682539,0.8635634028892456
Distributed CPS,0.8061797752808989,0.9111111111111112,0.8554396423248882
