experiment,f1_dist,f1_cent,f1_delta
missing_values,0.8564329724593976,0.8314241359161697,0.025008836543227966
node_dropout,0.8587338871912843,0.19033802478046433,0.6683958624108199
sensor_failure,0.8537559561824019,0.7939980966910029,0.05975785949139908
sensor_noise,0.8530167751944923,0.8411150487973669,0.011901726397125398
